{
    "selection sort": 7.867813110351562e-06,
    "insertion sort": 3.0994415283203125e-06,
    "bogosort": 1.5974044799804688e-05,
    "built-in \"sort\"": 9.775161743164062e-06,
    "built-in \"sorted\"": 1.3113021850585938e-05,
    "bubble sort": 2.86102294921875e-06,
    "merge sort": 0.0009222030639648438,
    "quick sort": 5.0067901611328125e-06,
    "shell sort": 3.0994415283203125e-06,
    "comb sort": 7.867813110351562e-06
}